<?xml version="1.0" encoding="UTF-8"?>
<wls:weblogic-application xmlns:wls="http://xmlns.oracle.com/weblogic/weblogic-application" xmlns:xsi="http://www.w3.org/2001/XMLSchema-instance" xsi:schemaLocation="http://java.sun.com/xml/ns/javaee http://java.sun.com/xml/ns/javaee/javaee_5.xsd http://xmlns.oracle.com/weblogic/weblogic-application http://xmlns.oracle.com/weblogic/weblogic-application/1.1/weblogic-application.xsd">
    <wls:library-ref>
        <wls:library-name>active-cache</wls:library-name>
        <wls:specification-version>1.0</wls:specification-version>
        <wls:exact-match>true</wls:exact-match>
    </wls:library-ref>
    <wls:library-ref>
        <wls:library-name>coherence</wls:library-name>
    </wls:library-ref>
    <wls:coherence-cluster-ref>
        <wls:coherence-cluster-name>myCluster</wls:coherence-cluster-name>
    </wls:coherence-cluster-ref>
</wls:weblogic-application>