<?xml version="1.0"?>

<!DOCTYPE ejb-jar PUBLIC 
'-//Sun Microsystems, Inc.//DTD Enterprise JavaBeans 2.0//EN' 
'http://java.sun.com/dtd/ejb-jar_2_0.dtd'>

<ejb-jar>
  <enterprise-beans>
	<message-driven>
	<ejb-name>mdb</ejb-name>
	<ejb-class>mdb</ejb-class>
	<transaction-type>Container</transaction-type>
	<message-driven-destination>
	<destination-type>javax.jms.Topic</destination-type>
	<subscription-durability>NonDurable</subscription-durability>
	</message-driven-destination>
	</message-driven>
</enterprise-beans>
</ejb-jar>

