<?xml version="1.0" encoding="UTF-8"?>
<ejb-jar version="2.1" xmlns="http://java.sun.com/xml/ns/j2ee" xmlns:xsi="http://www.w3.org/2001/XMLSchema-instance" xsi:schemaLocation="http://java.sun.com/xml/ns/j2ee http://java.sun.com/xml/ns/j2ee/ejb-jar_2_1.xsd">
    <enterprise-beans>
        <entity>
            <display-name>StudentEB</display-name>
            <ejb-name>StudentBean</ejb-name>
            <home>StudentRemoteHome</home>
            <remote>StudentRemote</remote>
            <ejb-class>StudentBean</ejb-class>
            <persistence-type>Container</persistence-type>
            <prim-key-class>java.lang.String</prim-key-class>
            <reentrant>false</reentrant>
            <cmp-version>2.x</cmp-version>
            <abstract-schema-name>Student</abstract-schema-name>
            <cmp-field>
                <field-name>rollNo</field-name>
            </cmp-field>
            <cmp-field>
                <field-name>name</field-name>
            </cmp-field>
            <cmp-field>
                <field-name>marks</field-name>
            </cmp-field>
            <primkey-field>rollNo</primkey-field>
            <query>
                <query-method>
                    <method-name>findByName</method-name>
                    <method-params>
                        <method-param>java.lang.String</method-param>
                    </method-params>
                </query-method>
                <ejb-ql>
                    SELECT OBJECT(o) FROM Student AS o WHERE o.name=?1
                </ejb-ql>
            </query>
            <query>
                <query-method>
                    <method-name>findByMarks</method-name>
                    <method-params>
                        <method-param>int</method-param>
                    </method-params>
                </query-method>
                <ejb-ql>
                    SELECT OBJECT(o) FROM Student o WHERE o.marks >=?1
                </ejb-ql>
            </query>
        </entity>
    </enterprise-beans>
    <assembly-descriptor>
        <container-transaction>
            <method>
                <ejb-name>StudentBean</ejb-name>
                <method-name>*</method-name>
            </method>
            <trans-attribute>Required</trans-attribute>
        </container-transaction>
    </assembly-descriptor>
</ejb-jar>
