<!DOCTYPE weblogic-rdbms-jar PUBLIC 
'-//BEA Systems, Inc.//DTD WebLogic 7.0.0 EJB RDBMS Persistence//EN'
'http://www.bea.com/servers/wls700/dtd/weblogic-rdbms20-persistence-700.dtd'>
<weblogic-rdbms-jar>
    <weblogic-rdbms-bean>
        <ejb-name>StudentBean</ejb-name>
        <data-source-name>student</data-source-name>
        <table-map>
            <table-name>Student1</table-name>
            <field-map>
                <cmp-field>rollNo</cmp-field>
                <dbms-column>rollNo</dbms-column>
            </field-map>
            <field-map>
                <cmp-field>name</cmp-field>
                <dbms-column>name</dbms-column>
            </field-map>
            <field-map>
                <cmp-field>marks</cmp-field>
                <dbms-column>marks</dbms-column>
            </field-map>
        </table-map>
    </weblogic-rdbms-bean>
    <create-default-dbms-tables>DropAndCreateAlways</create-default-dbms-tables>
</weblogic-rdbms-jar>

