<?xml version="1.0"?>

<!DOCTYPE weblogic-ejb-jar PUBLIC 
'-//BEA Systems, Inc.//DTD WebLogic 8.1.0 EJB//EN'
'http://www.bea.com/servers/wls810/dtd/weblogic-ejb-jar.dtd'>

<weblogic-ejb-jar>
  <weblogic-enterprise-bean>
    <ejb-name>beanManagedUser</ejb-name>

    <reference-descriptor>
      <resource-description>
      
	     <res-ref-name>jdbc/lal</res-ref-name>
	<jndi-name>orissa2</jndi-name>
      </resource-description>
    </reference-descriptor>

    <jndi-name>beanManagedUser1</jndi-name>

  </weblogic-enterprise-bean>

</weblogic-ejb-jar>

